Workbook

Sheet Avg
A1: Percision | B1: BPMNChatbot++ | C1: XML Baseline | F1: Recall | G1: BPMNChatbot++ | H1: XML Baseline
A2: 1 | B2: =AVERAGE('c1'!C3:E3) -> 55.555556 | C2: =AVERAGE('c1'!F3:H3) -> 55.555556 | F2: 1 | G2: =AVERAGE('c1'!C4:E4) -> 100 | H2: =AVERAGE('c1'!F4:H4) -> 100
A3: 2 | B3: =AVERAGE('c2'!C3:E3) -> 61.111111 | C3: =AVERAGE('c2'!F3:H3) -> 66.666667 | F3: 2 | G3: =AVERAGE('c2'!C4:E4) -> 100 | H3: =AVERAGE('c2'!F4:H4) -> 100
A4: 5 | B4: =AVERAGE('c5'!C3:E3) -> 100 | C4: =AVERAGE('c5'!F3:H3) -> 100 | F4: 5 | G4: =AVERAGE('c5'!C4:E4) -> 100 | H4: =AVERAGE('c5'!F4:H4) -> 100
A5: 7 | B5: =AVERAGE('c7'!C3:E3) -> 86.666667 | C5: =AVERAGE('c7'!F3:H3) -> 93.333333 | F5: 7 | G5: =AVERAGE('c7'!C4:E4) -> 100 | H5: =AVERAGE('c7'!F4:H4) -> 75
A6: 8 | B6: =AVERAGE('c8'!C3:E3) -> 100 | C6: =AVERAGE('c8'!F3:H3) -> 100 | F6: 8 | G6: =AVERAGE('c8'!C4:E4) -> 100 | H6: =AVERAGE('c8'!F4:H4) -> 100
A7: 9 | B7: =AVERAGE('c9'!C3:E3) -> 100 | C7: =AVERAGE('c9'!F3:H3) -> 100 | F7: 9 | G7: =AVERAGE('c9'!C4:E4) -> 100 | H7: =AVERAGE('c9'!F4:H4) -> 83.333333
A8: 10 | B8: =AVERAGE('c10'!C3:E3) -> 100 | C8: =AVERAGE('c10'!F3:H3) -> 100 | F8: 10 | G8: =AVERAGE('c10'!C4:E4) -> 100 | H8: =AVERAGE('c10'!F4:H4) -> 100
A9: 11 | B9: =AVERAGE('c11'!C1:E1) -> 100 | C9: =AVERAGE('c11'!F1:H1) -> 100 | F9: 11 | G9: =AVERAGE('c11'!C4:E4) -> 100 | H9: =AVERAGE('c11'!F4:H4) -> 100
A10: 12 | B10: =AVERAGE('c12'!C3:E3) -> 100 | C10: =AVERAGE('c12'!F3:H3) -> 33.333333 | F10: 12 | G10: =AVERAGE('c12'!C4:E4) -> 88.888889 | H10: =AVERAGE('c12'!F4:H4) -> 11.111111
A11: 13 | B11: =AVERAGE('c13'!C3:E3) -> 59.285714 | C11: =AVERAGE('c13'!F3:H3) -> 40.47619 | F11: 13 | G11: =AVERAGE('c13'!C4:E4) -> 100 | H11: =AVERAGE('c13'!F4:H4) -> 100
A12: 14 | B12: =AVERAGE('c14'!C3:E3) -> 100 | C12: =AVERAGE('c14'!F3:H3) -> 45.079365 | F12: 14 | G12: =AVERAGE('c14'!C4:E4) -> 100 | H12: =AVERAGE('c14'!F4:H4) -> 100
A13: 15 | B13: =AVERAGE('c15'!C3:E3) -> 100 | C13: =AVERAGE('c15'!F3:H3) -> 100 | F13: 15 | G13: =AVERAGE('c15'!C4:E4) -> 85.714286 | H13: =AVERAGE('c15'!F4:H4) -> 66.666667
A14: 16 | B14: =AVERAGE('c16'!C3:E3) -> 68.452381 | C14: =AVERAGE('c16'!F3:H3) -> 100 | F14: 16 | G14: =AVERAGE('c16'!C4:E4) -> 83.333333 | H14: =AVERAGE('c16'!F4:H4) -> 66.666667
A16: Percision | B16: BPMNChatbot++ | C16: XML Baseline | F16: Recall | J16: F1 | K16: BPMNChatbot++ | L16: XML Baseline
A17: cluster 1 | B17: =AVERAGE(B2:B3) -> 58.333333 | C17: =AVERAGE(C2:C3) -> 61.111111 | F17: cluster 1 | G17: =AVERAGE(G2:G3) -> 100 | H17: =AVERAGE(H2:H3) -> 100
A18: cluster 2 | B18: =AVERAGE(B4:B6) -> 95.555556 | C18: =AVERAGE(C4:C6) -> 97.777778 | F18: cluster 2 | G18: =AVERAGE(G4:G6) -> 100 | H18: =AVERAGE(H4:H6) -> 91.666667
A19: cluster 3 | B19: =AVERAGE(B7:B10) -> 100 | C19: =AVERAGE(C7:C10) -> 83.333333 | F19: cluster 3 | G19: =AVERAGE(G7:G10) -> 97.222222 | H19: =AVERAGE(H7:H10) -> 73.611111
A20: cluster 4 | B20: =AVERAGE(B11:B14) -> 81.934524 | C20: =AVERAGE(C11:C14) -> 71.388889 | F20: cluster 4 | G20: =AVERAGE(G11:G14) -> 92.261905 | H20: =AVERAGE(H11:H14) -> 83.333333
A22: Avg | B22: =AVERAGE(B17:B20) -> 83.955853 | C22: =AVERAGE(C17:C20) -> 78.402778 | G22: =AVERAGE(G17:G20) -> 97.371032 | H22: =AVERAGE(H17:H20) -> 87.152778 | K22: =2 * (B22 * G22) / (B22 + G22) -> 90.167192 | L22: =2 * (C22 * H22) / (C22 + H22) -> 82.546549

Sheet c1
A1: Semantic Percision | C1: =SUM(C5:C6) / (C5+ C6+ C9) * 100 -> 66.666667 | D1: =SUM(D5:D6) / (D5+ D6+ D9) * 100 -> 66.666667 | E1: =SUM(E5:E6) / (E5+ E6+ E9) * 100 -> 66.666667 | F1: =SUM(F5:F6) / (F5+ F6+ F9) * 100 -> 100 | G1: =SUM(G5:G6) / (G5+ G6+ G9) * 100 -> 100 | H1: =SUM(H5:H6) / (H5+ H6+ H9) * 100 -> 100
A2: Semantic Recall | C2: =SUM(C5:C6) / SUM(C5:C7) *100 -> 100 | D2: =SUM(D5:D6) / SUM(D5:D7) *100 -> 100 | E2: =SUM(E5:E6) / SUM(E5:E7) *100 -> 100 | F2: =SUM(F5:F6) / SUM(F5:F7) *100 -> 100 | G2: =SUM(G5:G6) / SUM(G5:G7) *100 -> 100 | H2: =SUM(H5:H6) / SUM(H5:H7) *100 -> 100
A3: Percision | C3: =C5/ (C5+ C8) * 100 -> 50 | D3: =D5/ (D5+ D8) * 100 -> 50 | E3: =E5/ (E5+ E8) * 100 -> 66.666667 | F3: =F5/ (F5+ F8) * 100 -> 50 | G3: =G5/ (G5+ G8) * 100 -> 66.666667 | H3: =H5/ (H5+ H8) * 100 -> 50
A4: Recall | C4: =C5 / (C5+C7) *100 -> 100 | D4: =D5 / (D5+D7) *100 -> 100 | E4: =E5 / (E5+E7) *100 -> 100 | F4: =F5 / (F5+F7) *100 -> 100 | G4: =G5 / (G5+G7) *100 -> 100 | H4: =H5 / (H5+H7) *100 -> 100
A5: Semantic TP Explicit | C5: =COUNTIF(C12:C15, 2) -> 1 | D5: =COUNTIF(D12:D15, 2) -> 1 | E5: =COUNTIF(E12:E15, 2) -> 2 | F5: =COUNTIF(F12:F15, 2) -> 2 | G5: =COUNTIF(G12:G15, 2) -> 2 | H5: =COUNTIF(H12:H15, 2) -> 2
A6: Semantic TP Implicit | C6: =COUNTIF(C12:C15, 1) -> 1 | D6: =COUNTIF(D12:D15, 1) -> 1 | E6: =COUNTIF(E12:E15, 1) -> 0 | F6: =COUNTIF(F12:F15, 1) -> 0 | G6: =COUNTIF(G12:G15, 1) -> 0 | H6: =COUNTIF(H12:H15, 1) -> 0
A7: Semantic FN | C7: =COUNTIF(C12:C15, 0) -> 0 | D7: =COUNTIF(D12:D15, 0) -> 0 | E7: =COUNTIF(E12:E15, 0) -> 0 | F7: =COUNTIF(F12:F15, 0) -> 0 | G7: =COUNTIF(G12:G15, 0) -> 0 | H7: =COUNTIF(H12:H15, 0) -> 0
A8: Semantic FP Strict | C8: =COUNTIF(C17:C25,0) + COUNTIF(C17:C25,1) -> 1 | D8: =COUNTIF(D17:D25,0) + COUNTIF(D17:D25,1) -> 1 | E8: =COUNTIF(E17:E25,0) + COUNTIF(E17:E25,1) -> 1 | F8: =COUNTIF(F17:F25,0) + COUNTIF(F17:F25,1) -> 2 | G8: =COUNTIF(G17:G25,0) + COUNTIF(G17:G25,1) -> 1 | H8: =COUNTIF(H17:H25,0) + COUNTIF(H17:H25,1) -> 2
A9: Semantic FP Loose | C9: =COUNTIF(C17:C25,0) -> 1 | D9: =COUNTIF(D17:D25,0) -> 1 | E9: =COUNTIF(E17:E25,0) -> 1 | F9: =COUNTIF(F17:F25,0) -> 0 | G9: =COUNTIF(G17:G25,0) -> 0 | H9: =COUNTIF(H17:H25,0) -> 0
C11: Chatbot run 1 | D11: Chatbot run 2 | E11: Chatbot run 3 | F11: XML run 1 | G11: XML run 2 | H11: XML run 3
A12: Pools | B12: Bank | C12: 2 | D12: 2 | E12: 2 | F12: 2 | G12: 2 | H12: 2
B13: Customer | C13: 1 | D13: 1 | E13: 2 | F13: 2 | G13: 2 | H13: 2
A17: False Positives | B17: Account Opening Department Lane | C17: 0 | D17: 0 | E17: 0
B21: Customer Service Lane | F21: 1
B22: Operations Lane | F22: 1
B23: Bank Back Office | G23: 1
B24: Application Processing Lane | H24: 1
B25: Account Services Lane | H25: 1

Sheet c2
A1: Semantic Percision | C1: =SUM(C5:C6) / (C5+ C6+ C9) * 100 -> 100 | D1: =SUM(D5:D6) / (D5+ D6+ D9) * 100 -> 50 | E1: =SUM(E5:E6) / (E5+ E6+ E9) * 100 -> 100 | F1: =SUM(F5:F6) / (F5+ F6+ F9) * 100 -> 50 | G1: =SUM(G5:G6) / (G5+ G6+ G9) * 100 -> 50 | H1: =SUM(H5:H6) / (H5+ H6+ H9) * 100 -> 100
A2: Semantic Recall | C2: =SUM(C5:C6) / SUM(C5:C7) *100 -> 100 | D2: =SUM(D5:D6) / SUM(D5:D7) *100 -> 100 | E2: =SUM(E5:E6) / SUM(E5:E7) *100 -> 100 | F2: =SUM(F5:F6) / SUM(F5:F7) *100 -> 100 | G2: =SUM(G5:G6) / SUM(G5:G7) *100 -> 100 | H2: =SUM(H5:H6) / SUM(H5:H7) *100 -> 100
A3: Percision | C3: =C5/ (C5+ C8) * 100 -> 66.666667 | D3: =D5/ (D5+ D8) * 100 -> 50 | E3: =E5/ (E5+ E8) * 100 -> 66.666667 | F3: =F5/ (F5+ F8) * 100 -> 50 | G3: =G5/ (G5+ G8) * 100 -> 50 | H3: =H5/ (H5+ H8) * 100 -> 100
A4: Recall | C4: =C5 / (C5+C7) *100 -> 100 | D4: =D5 / (D5+D7) *100 -> 100 | E4: =E5 / (E5+E7) *100 -> 100 | F4: =F5 / (F5+F7) *100 -> 100 | G4: =G5 / (G5+G7) *100 -> 100 | H4: =H5 / (H5+H7) *100 -> 100
A5: Semantic TP Explicit | C5: =COUNTIF(C12:C16, 2) -> 2 | D5: =COUNTIF(D12:D16, 2) -> 2 | E5: =COUNTIF(E12:E16, 2) -> 2 | F5: =COUNTIF(F12:F16, 2) -> 2 | G5: =COUNTIF(G12:G16, 2) -> 2 | H5: =COUNTIF(H12:H16, 2) -> 2
A6: Semantic TP Implicit | C6: =COUNTIF(C12:C16, 1) -> 0 | D6: =COUNTIF(D12:D16, 1) -> 0 | E6: =COUNTIF(E12:E16, 1) -> 0 | F6: =COUNTIF(F12:F16, 1) -> 0 | G6: =COUNTIF(G12:G16, 1) -> 0 | H6: =COUNTIF(H12:H16, 1) -> 0
A7: Semantic FN | C7: =COUNTIF(C12:C16, 0) -> 0 | D7: =COUNTIF(D12:D16, 0) -> 0 | E7: =COUNTIF(E12:E16, 0) -> 0 | F7: =COUNTIF(F12:F16, 0) -> 0 | G7: =COUNTIF(G12:G16, 0) -> 0 | H7: =COUNTIF(H12:H16, 0) -> 0
A8: Semantic FP Strict | C8: =COUNTIF(C18:C35,0) + COUNTIF(C18:C35,1) -> 1 | D8: =COUNTIF(D18:D35,0) + COUNTIF(D18:D35,1) -> 2 | E8: =COUNTIF(E18:E35,0) + COUNTIF(E18:E35,1) -> 1 | F8: =COUNTIF(F18:F35,0) + COUNTIF(F18:F35,1) -> 2 | G8: =COUNTIF(G18:G35,0) + COUNTIF(G18:G35,1) -> 2 | H8: =COUNTIF(H18:H35,0) + COUNTIF(H18:H35,1) -> 0
A9: Semantic FP Loose | C9: =COUNTIF(C18:C35,0) -> 0 | D9: =COUNTIF(D18:D35,0) -> 2 | E9: =COUNTIF(E18:E35,0) -> 0 | F9: =COUNTIF(F18:F35,0) -> 2 | G9: =COUNTIF(G18:G35,0) -> 2 | H9: =COUNTIF(H18:H35,0) -> 0
C11: Chatbot run 1 | D11: Chatbot run 2 | E11: Chatbot run 3 | F11: XML run 1 | G11: XML run 2 | H11: XML run 3
A12: Pools | B12: Management | C12: 2 | D12: 2 | E12: 2 | F12: 2 | G12: 2 | H12: 2
B13: Accountant | C13: 2 | D13: 2 | E13: 2 | F13: 2 | G13: 2 | H13: 2
A18: False Positives | B18: Management Pool | D18: 0 | F18: 0 | G18: 0
B19: Accountant Pool | D19: 0 | F19: 0 | G19: 0
B21: Company Pool | C21: 1 | E21: 1

Sheet c3
A1: Semantic Percision | C1: =SUM(C5:C6) / (C5+ C6+ C9) * 100 -> 0 | D1: =SUM(D5:D6) / (D5+ D6+ D9) * 100 -> 0 | E1: =SUM(E5:E6) / (E5+ E6+ E9) * 100 -> 0 | F1: =SUM(F5:F6) / (F5+ F6+ F9) * 100 -> 0 | G1: =SUM(G5:G6) / (G5+ G6+ G9) * 100 -> 0 | H1: =SUM(H5:H6) / (H5+ H6+ H9) * 100 -> 0
A2: Semantic Recall | C2: =IF(SUM(C5:C7)=0, 0, SUM(C5:C6)/SUM(C5:C7)*100) -> 0 | D2: =IF(SUM(D5:D7)=0, 0, SUM(D5:D6)/SUM(D5:D7)*100) -> 0 | E2: =IF(SUM(E5:E7)=0, 0, SUM(E5:E6)/SUM(E5:E7)*100) -> 0 | F2: =IF(SUM(F5:F7)=0, 0, SUM(F5:F6)/SUM(F5:F7)*100) -> 0 | G2: =IF(SUM(G5:G7)=0, 0, SUM(G5:G6)/SUM(G5:G7)*100) -> 0 | H2: =IF(SUM(H5:H7)=0, 0, SUM(H5:H6)/SUM(H5:H7)*100) -> 0
A3: Percision | C3: =C5/ (C5+ C8) * 100 -> 0 | D3: =D5/ (D5+ D8) * 100 -> 0 | E3: =E5/ (E5+ E8) * 100 -> 0 | F3: =F5/ (F5+ F8) * 100 -> 0 | G3: =G5/ (G5+ G8) * 100 -> 0 | H3: =H5/ (H5+ H8) * 100 -> 0
A4: Recall | C4: =IF(C5 + C7 = 0, 0, C5 / (C5 + C7) * 100) -> 0 | D4: =IF(D5 + D7 = 0, 0, D5 / (D5 + D7) * 100) -> 0 | E4: =IF(E5 + E7 = 0, 0, E5 / (E5 + E7) * 100) -> 0 | F4: =IF(F5 + F7 = 0, 0, F5 / (F5 + F7) * 100) -> 0 | G4: =IF(G5 + G7 = 0, 0, G5 / (G5 + G7) * 100) -> 0 | H4: =IF(H5 + H7 = 0, 0, H5 / (H5 + H7) * 100) -> 0
A5: Semantic TP Explicit | C5: =COUNTIF(C12:C13, 2) -> 0 | D5: =COUNTIF(D12:D13, 2) -> 0 | E5: =COUNTIF(E12:E13, 2) -> 0 | F5: =COUNTIF(F12:F13, 2) -> 0 | G5: =COUNTIF(G12:G13, 2) -> 0 | H5: =COUNTIF(H12:H13, 2) -> 0
A6: Semantic TP Implicit | C6: =COUNTIF(C12:C13, 1) -> 0 | D6: =COUNTIF(D12:D13, 1) -> 0 | E6: =COUNTIF(E12:E13, 1) -> 0 | F6: =COUNTIF(F12:F13, 1) -> 0 | G6: =COUNTIF(G12:G13, 1) -> 0 | H6: =COUNTIF(H12:H13, 1) -> 0
A7: Semantic FN | C7: =COUNTIF(C12:C13, 0) -> 0 | D7: =COUNTIF(D12:D13, 0) -> 0 | E7: =COUNTIF(E12:E13, 0) -> 0 | F7: =COUNTIF(F12:F13, 0) -> 0 | G7: =COUNTIF(G12:G13, 0) -> 0 | H7: =COUNTIF(H12:H13, 0) -> 0
A8: Semantic FP Strict | C8: =COUNTIF(C15:C48,0) + COUNTIF(C15:C48,1) -> 4 | D8: =COUNTIF(D15:D48,0) + COUNTIF(D15:D48,1) -> 5 | E8: =COUNTIF(E15:E48,0) + COUNTIF(E15:E48,1) -> 4 | F8: =COUNTIF(F15:F48,0) + COUNTIF(F15:F48,1) -> 4 | G8: =COUNTIF(G15:G48,0) + COUNTIF(G15:G48,1) -> 4 | H8: =COUNTIF(H15:H48,0) + COUNTIF(H15:H48,1) -> 4
A9: Semantic FP Loose | C9: =COUNTIF(C15:C48,0) -> 2 | D9: =COUNTIF(D15:D48,0) -> 3 | E9: =COUNTIF(E15:E48,0) -> 2 | F9: =COUNTIF(F15:F48,0) -> 2 | G9: =COUNTIF(G15:G48,0) -> 2 | H9: =COUNTIF(H15:H48,0) -> 1
C11: Chatbot run 1 | D11: Chatbot run 2 | E11: Chatbot run 3 | F11: XML run 1 | G11: XML run 2 | H11: XML run 3
A15: False Positives | B15: Customer Pool | C15: 1 | D15: 1 | E15: 1 | F15: 1 | G15: 1 | H15: 1
B16: Bank Pool | C16: 1 | D16: 1 | E16: 1 | F16: 1 | G16: 1 | H16: 1
B17: Risk Managmnet Lane | C17: 0 | D17: 0 | E17: 0 | F17: 0 | G17: 0 | H17: 0
B18: Distribumnet Lane | C18: 0 | D18: 0 | F18: 0
B19: Credit Department Lane | D19: 0 | E19: 0
B20: Processing Department Lane | G20: 0
B21: Operations Lane | H21: 1

Sheet c4
A1: Semantic Percision | C1: =SUM(C5:C6) / (C5+ C6+ C9) * 100 -> 0 | D1: =SUM(D5:D6) / (D5+ D6+ D9) * 100 -> #DIV/0! | E1: =SUM(E5:E6) / (E5+ E6+ E9) * 100 -> #DIV/0! | F1: =SUM(F5:F6) / (F5+ F6+ F9) * 100 -> 0 | G1: =SUM(G5:G6) / (G5+ G6+ G9) * 100 -> #DIV/0! | H1: =SUM(H5:H6) / (H5+ H6+ H9) * 100 -> #DIV/0!
A2: Semantic Recall | C2: =IF(SUM(C5:C7)=0, 0, SUM(C5:C6)/SUM(C5:C7)*100) -> 0 | D2: =IF(SUM(D5:D7)=0, 0, SUM(D5:D6)/SUM(D5:D7)*100) -> 0 | E2: =IF(SUM(E5:E7)=0, 0, SUM(E5:E6)/SUM(E5:E7)*100) -> 0 | F2: =IF(SUM(F5:F7)=0, 0, SUM(F5:F6)/SUM(F5:F7)*100) -> 0 | G2: =IF(SUM(G5:G7)=0, 0, SUM(G5:G6)/SUM(G5:G7)*100) -> 0 | H2: =IF(SUM(H5:H7)=0, 0, SUM(H5:H6)/SUM(H5:H7)*100) -> 0
A3: Percision | C3: =C5/ (C5+ C8) * 100 -> 0 | D3: =D5/ (D5+ D8) * 100 -> 0 | E3: =E5/ (E5+ E8) * 100 -> 0 | F3: =F5/ (F5+ F8) * 100 -> 0 | G3: =G5/ (G5+ G8) * 100 -> 0 | H3: =H5/ (H5+ H8) * 100 -> 0
A4: Recall | C4: =IF(C5 + C7 = 0, 0, C5 / (C5 + C7) * 100) -> 0 | D4: =IF(D5 + D7 = 0, 0, D5 / (D5 + D7) * 100) -> 0 | E4: =IF(E5 + E7 = 0, 0, E5 / (E5 + E7) * 100) -> 0 | F4: =IF(F5 + F7 = 0, 0, F5 / (F5 + F7) * 100) -> 0 | G4: =IF(G5 + G7 = 0, 0, G5 / (G5 + G7) * 100) -> 0 | H4: =IF(H5 + H7 = 0, 0, H5 / (H5 + H7) * 100) -> 0
A5: Semantic TP Explicit | C5: =COUNTIF(C12:C15, 2) -> 0 | D5: =COUNTIF(D12:D15, 2) -> 0 | E5: =COUNTIF(E12:E15, 2) -> 0 | F5: =COUNTIF(F12:F15, 2) -> 0 | G5: =COUNTIF(G12:G15, 2) -> 0 | H5: =COUNTIF(H12:H15, 2) -> 0
A6: Semantic TP Implicit | C6: =COUNTIF(C12:C15, 1) -> 0 | D6: =COUNTIF(D12:D15, 1) -> 0 | E6: =COUNTIF(E12:E15, 1) -> 0 | F6: =COUNTIF(F12:F15, 1) -> 0 | G6: =COUNTIF(G12:G15, 1) -> 0 | H6: =COUNTIF(H12:H15, 1) -> 0
A7: Semantic FN | C7: =COUNTIF(C12:C15, 0) -> 0 | D7: =COUNTIF(D12:D15, 0) -> 0 | E7: =COUNTIF(E12:E15, 0) -> 0 | F7: =COUNTIF(F12:F15, 0) -> 0 | G7: =COUNTIF(G12:G15, 0) -> 0 | H7: =COUNTIF(H12:H15, 0) -> 0
A8: Semantic FP Strict | C8: =COUNTIF(C17:C37,0) + COUNTIF(C17:C37,1) -> 2 | D8: =COUNTIF(D17:D37,0) + COUNTIF(D17:D37,1) -> 1 | E8: =COUNTIF(E17:E37,0) + COUNTIF(E17:E37,1) -> 3 | F8: =COUNTIF(F17:F37,0) + COUNTIF(F17:F37,1) -> 10 | G8: =COUNTIF(G17:G37,0) + COUNTIF(G17:G37,1) -> 1 | H8: =COUNTIF(H17:H37,0) + COUNTIF(H17:H37,1) -> 4
A9: Semantic FP Loose | C9: =COUNTIF(C17:C37,0) -> 2 | D9: =COUNTIF(D17:D37,0) -> 0 | E9: =COUNTIF(E17:E37,0) -> 0 | F9: =COUNTIF(F17:F37,0) -> 7 | G9: =COUNTIF(G17:G37,0) -> 0 | H9: =COUNTIF(H17:H37,0) -> 0
C11: Chatbot run 1 | D11: Chatbot run 2 | E11: Chatbot run 3 | F11: XML run 1 | G11: XML run 2 | H11: XML run 3
A17: False Positives
B18: Pool Retailer | C18: 0 | F18: 0
B19: Lane Order and Inventory Management | C19: 0 | F19: 0
B20: Wholesaler Pool | D20: 1 | E20: 1 | F20: 1 | G20: 1 | H20: 1
B25: Storage Management Lane | E25: 1 | H25: 1
B26: Logistics Lane | E26: 1 | H26: 1
B30: Warehouse Lane | F30: 1
B31: Stock Management Lane | F31: 0
B32: Packing Logistics Lane | F32: 0
B33: Shipping Lane | F33: 0
B34: Finance Lane | F34: 0
B35: Courier Pool | F35: 1 | H35: 1
B36: Courier Operations Lane | F36: 0

Sheet c5
A1: Semantic Percision | C1: =SUM(C5:C6) / (C5+ C6+ C9) * 100 -> 100 | D1: =SUM(D5:D6) / (D5+ D6+ D9) * 100 -> 100 | E1: =SUM(E5:E6) / (E5+ E6+ E9) * 100 -> 100 | F1: =SUM(F5:F6) / (F5+ F6+ F9) * 100 -> 100 | G1: =SUM(G5:G6) / (G5+ G6+ G9) * 100 -> 100 | H1: =SUM(H5:H6) / (H5+ H6+ H9) * 100 -> 100
A2: Semantic Recall | C2: =SUM(C5:C6) / SUM(C5:C7) *100 -> 100 | D2: =SUM(D5:D6) / SUM(D5:D7) *100 -> 100 | E2: =SUM(E5:E6) / SUM(E5:E7) *100 -> 100 | F2: =SUM(F5:F6) / SUM(F5:F7) *100 -> 100 | G2: =SUM(G5:G6) / SUM(G5:G7) *100 -> 100 | H2: =SUM(H5:H6) / SUM(H5:H7) *100 -> 100
A3: Percision | C3: =C5/ (C5+ C8) * 100 -> 100 | D3: =D5/ (D5+ D8) * 100 -> 100 | E3: =E5/ (E5+ E8) * 100 -> 100 | F3: =F5/ (F5+ F8) * 100 -> 100 | G3: =G5/ (G5+ G8) * 100 -> 100 | H3: =H5/ (H5+ H8) * 100 -> 100
A4: Recall | C4: =C5 / (C5+C7) *100 -> 100 | D4: =D5 / (D5+D7) *100 -> 100 | E4: =E5 / (E5+E7) *100 -> 100 | F4: =F5 / (F5+F7) *100 -> 100 | G4: =G5 / (G5+G7) *100 -> 100 | H4: =H5 / (H5+H7) *100 -> 100
A5: Semantic TP Explicit | C5: =COUNTIF(C12:C16, 2) -> 2 | D5: =COUNTIF(D12:D16, 2) -> 2 | E5: =COUNTIF(E12:E16, 2) -> 2 | F5: =COUNTIF(F12:F16, 2) -> 2 | G5: =COUNTIF(G12:G16, 2) -> 2 | H5: =COUNTIF(H12:H16, 2) -> 2
A6: Semantic TP Implicit | C6: =COUNTIF(C12:C16, 1) -> 0 | D6: =COUNTIF(D12:D16, 1) -> 0 | E6: =COUNTIF(E12:E16, 1) -> 0 | F6: =COUNTIF(F12:F16, 1) -> 0 | G6: =COUNTIF(G12:G16, 1) -> 0 | H6: =COUNTIF(H12:H16, 1) -> 0
A7: Semantic FN | C7: =COUNTIF(C12:C16, 0) -> 0 | D7: =COUNTIF(D12:D16, 0) -> 0 | E7: =COUNTIF(E12:E16, 0) -> 0 | F7: =COUNTIF(F12:F16, 0) -> 0 | G7: =COUNTIF(G12:G16, 0) -> 0 | H7: =COUNTIF(H12:H16, 0) -> 0
A8: Semantic FP Strict | C8: =COUNTIF(C18:C18,0) + COUNTIF(C18:C18,1) -> 0 | D8: =COUNTIF(D18:D18,0) + COUNTIF(D18:D18,1) -> 0 | E8: =COUNTIF(E18:E18,0) + COUNTIF(E18:E18,1) -> 0 | F8: =COUNTIF(F18:F18,0) + COUNTIF(F18:F18,1) -> 0 | G8: =COUNTIF(G18:G18,0) + COUNTIF(G18:G18,1) -> 0 | H8: =COUNTIF(H18:H18,0) + COUNTIF(H18:H18,1) -> 0
A9: Semantic FP Loose | C9: =COUNTIF(C18:C18,0) -> 0 | D9: =COUNTIF(D18:D18,0) -> 0 | E9: =COUNTIF(E18:E18,0) -> 0 | F9: =COUNTIF(F18:F18,0) -> 0 | G9: =COUNTIF(G18:G18,0) -> 0 | H9: =COUNTIF(H18:H18,0) -> 0
C11: Chatbot run 1 | D11: Chatbot run 2 | E11: Chatbot run 3 | F11: XML run 1 | G11: XML run 2 | H11: XML run 3
A12: Pools | B12: Tribunal | C12: 2 | D12: 2 | E12: 2 | F12: 2 | G12: 2 | H12: 2
B13: Owner | C13: 2 | D13: 2 | E13: 2 | F13: 2 | G13: 2 | H13: 2

Sheet c6
A1: Semantic Percision | C1: =SUM(C5:C6) / (C5+ C6+ C9) * 100 -> #DIV/0! | D1: =SUM(D5:D6) / (D5+ D6+ D9) * 100 -> #DIV/0! | E1: =SUM(E5:E6) / (E5+ E6+ E9) * 100 -> #DIV/0! | F1: =SUM(F5:F6) / (F5+ F6+ F9) * 100 -> 0 | G1: =SUM(G5:G6) / (G5+ G6+ G9) * 100 -> #DIV/0! | H1: =SUM(H5:H6) / (H5+ H6+ H9) * 100 -> 0
A2: Semantic Recall | C2: =SUM(C5:C6) / SUM(C5:C7) *100 -> #DIV/0! | D2: =SUM(D5:D6) / SUM(D5:D7) *100 -> #DIV/0! | E2: =SUM(E5:E6) / SUM(E5:E7) *100 -> #DIV/0! | F2: =SUM(F5:F6) / SUM(F5:F7) *100 -> #DIV/0! | G2: =SUM(G5:G6) / SUM(G5:G7) *100 -> #DIV/0! | H2: =SUM(H5:H6) / SUM(H5:H7) *100 -> #DIV/0!
A3: Percision | C3: =C5/ (C5+ C8) * 100 -> 0 | D3: =D5/ (D5+ D8) * 100 -> 0 | E3: =E5/ (E5+ E8) * 100 -> 0 | F3: =F5/ (F5+ F8) * 100 -> 0 | G3: =G5/ (G5+ G8) * 100 -> 0 | H3: =H5/ (H5+ H8) * 100 -> 0
A4: Recall | C4: =C5 / (C5+C7) *100 -> #DIV/0! | D4: =D5 / (D5+D7) *100 -> #DIV/0! | E4: =E5 / (E5+E7) *100 -> #DIV/0! | F4: =F5 / (F5+F7) *100 -> #DIV/0! | G4: =G5 / (G5+G7) *100 -> #DIV/0! | H4: =H5 / (H5+H7) *100 -> #DIV/0!
A5: Semantic TP Explicit | C5: =COUNTIF(C12:C25, 2) -> 0 | D5: =COUNTIF(D12:D25, 2) -> 0 | E5: =COUNTIF(E12:E25, 2) -> 0 | F5: =COUNTIF(F12:F25, 2) -> 0 | G5: =COUNTIF(G12:G25, 2) -> 0 | H5: =COUNTIF(H12:H25, 2) -> 0
A6: Semantic TP Implicit | C6: =COUNTIF(C12:C25, 1) -> 0 | D6: =COUNTIF(D12:D25, 1) -> 0 | E6: =COUNTIF(E12:E25, 1) -> 0 | F6: =COUNTIF(F12:F25, 1) -> 0 | G6: =COUNTIF(G12:G25, 1) -> 0 | H6: =COUNTIF(H12:H25, 1) -> 0
A7: Semantic FN | C7: =COUNTIF(C12:C25, 0) -> 0 | D7: =COUNTIF(D12:D25, 0) -> 0 | E7: =COUNTIF(E12:E25, 0) -> 0 | F7: =COUNTIF(F12:F25, 0) -> 0 | G7: =COUNTIF(G12:G25, 0) -> 0 | H7: =COUNTIF(H12:H25, 0) -> 0
A8: Semantic FP Strict | C8: =COUNTIF(C27:C69,0) + COUNTIF(C27:C69,1) -> 1 | D8: =COUNTIF(D27:D69,0) + COUNTIF(D27:D69,1) -> 1 | E8: =COUNTIF(E27:E69,0) + COUNTIF(E27:E69,1) -> 1 | F8: =COUNTIF(F27:F69,0) + COUNTIF(F27:F69,1) -> 6 | G8: =COUNTIF(G27:G69,0) + COUNTIF(G27:G69,1) -> 2 | H8: =COUNTIF(H27:H69,0) + COUNTIF(H27:H69,1) -> 4
A9: Semantic FP Loose | C9: =COUNTIF(C27:C69,0) -> 0 | D9: =COUNTIF(D27:D69,0) -> 0 | E9: =COUNTIF(E27:E69,0) -> 0 | F9: =COUNTIF(F27:F69,0) -> 2 | G9: =COUNTIF(G27:G69,0) -> 0 | H9: =COUNTIF(H27:H69,0) -> 1
C11: Chatbot run 1 | D11: Chatbot run 2 | E11: Chatbot run 3 | F11: XML run 1 | G11: XML run 2 | H11: XML run 3
A27: False Positives
B35: Applicant Pool/Lane | C35: 1 | D35: 1 | E35: 1 | F35: 1 | G35: 1 | H35: 1
B44: User lane | F44: 1 | G44: 1
B45: Twitter lane | F45: 0
B46: Sports Institute Pool | F46: 1 | H46: 1
B47: Registration System Lane | F47: 1
B48: Administration Lane in Sport Institute | F48: 0
B66: Course Management lane | H66: 1
B67: Account Services Lane | H67: 0

Sheet c7
A1: Semantic Percision | C1: =SUM(C5:C6) / (C5+ C6+ C9) * 100 -> 100 | D1: =SUM(D5:D6) / (D5+ D6+ D9) * 100 -> 100 | E1: =SUM(E5:E6) / (E5+ E6+ E9) * 100 -> 100 | F1: =SUM(F5:F6) / (F5+ F6+ F9) * 100 -> 80 | G1: =SUM(G5:G6) / (G5+ G6+ G9) * 100 -> 100 | H1: =SUM(H5:H6) / (H5+ H6+ H9) * 100 -> 100
A2: Semantic Recall | C2: =SUM(C5:C6) / SUM(C5:C7) *100 -> 100 | D2: =SUM(D5:D6) / SUM(D5:D7) *100 -> 100 | E2: =SUM(E5:E6) / SUM(E5:E7) *100 -> 100 | F2: =SUM(F5:F6) / SUM(F5:F7) *100 -> 100 | G2: =SUM(G5:G6) / SUM(G5:G7) *100 -> 75 | H2: =SUM(H5:H6) / SUM(H5:H7) *100 -> 50
A3: Percision | C3: =C5/ (C5+ C8) * 100 -> 100 | D3: =D5/ (D5+ D8) * 100 -> 80 | E3: =E5/ (E5+ E8) * 100 -> 80 | F3: =F5/ (F5+ F8) * 100 -> 80 | G3: =G5/ (G5+ G8) * 100 -> 100 | H3: =H5/ (H5+ H8) * 100 -> 100
A4: Recall | C4: =C5 / (C5+C7) *100 -> 100 | D4: =D5 / (D5+D7) *100 -> 100 | E4: =E5 / (E5+E7) *100 -> 100 | F4: =F5 / (F5+F7) *100 -> 100 | G4: =G5 / (G5+G7) *100 -> 75 | H4: =H5 / (H5+H7) *100 -> 50
A5: Semantic TP Explicit | C5: =COUNTIF(C12:C15, 2) -> 4 | D5: =COUNTIF(D12:D15, 2) -> 4 | E5: =COUNTIF(E12:E15, 2) -> 4 | F5: =COUNTIF(F12:F15, 2) -> 4 | G5: =COUNTIF(G12:G15, 2) -> 3 | H5: =COUNTIF(H12:H15, 2) -> 2
A6: Semantic TP Implicit | C6: =COUNTIF(C12:C15, 1) -> 0 | D6: =COUNTIF(D12:D15, 1) -> 0 | E6: =COUNTIF(E12:E15, 1) -> 0 | F6: =COUNTIF(F12:F15, 1) -> 0 | G6: =COUNTIF(G12:G15, 1) -> 0 | H6: =COUNTIF(H12:H15, 1) -> 0
A7: Semantic FN | C7: =COUNTIF(C12:C15, 0) -> 0 | D7: =COUNTIF(D12:D15, 0) -> 0 | E7: =COUNTIF(E12:E15, 0) -> 0 | F7: =COUNTIF(F12:F15, 0) -> 0 | G7: =COUNTIF(G12:G15, 0) -> 1 | H7: =COUNTIF(H12:H15, 0) -> 2
A8: Semantic FP Strict | C8: =COUNTIF(C17:C40,0) + COUNTIF(C17:C40,1) -> 0 | D8: =COUNTIF(D17:D40,0) + COUNTIF(D17:D40,1) -> 1 | E8: =COUNTIF(E17:E40,0) + COUNTIF(E17:E40,1) -> 1 | F8: =COUNTIF(F17:F40,0) + COUNTIF(F17:F40,1) -> 1 | G8: =COUNTIF(G17:G40,0) + COUNTIF(G17:G40,1) -> 0 | H8: =COUNTIF(H17:H40,0) + COUNTIF(H17:H40,1) -> 0
A9: Semantic FP Loose | C9: =COUNTIF(C17:C40,0) -> 0 | D9: =COUNTIF(D17:D40,0) -> 0 | E9: =COUNTIF(E17:E40,0) -> 0 | F9: =COUNTIF(F17:F40,0) -> 1 | G9: =COUNTIF(G17:G40,0) -> 0 | H9: =COUNTIF(H17:H40,0) -> 0
C11: Chatbot run 1 | D11: Chatbot run 2 | E11: Chatbot run 3 | F11: XML run 1 | G11: XML run 2 | H11: XML run 3
A12: Pools | B12: Police App | C12: 2 | D12: 2 | E12: 2 | F12: 2 | G12: 2 | H12: 2
B13: Car Owner | C13: 2 | D13: 2 | E13: 2 | F13: 2 | G13: 0 | H13: 0
B14: Car Service Facility | C14: 2 | D14: 2 | E14: 2 | F14: 2 | G14: 2 | H14: 0
A15: Lanes | B15: Mechanic | C15: 2 | D15: 2 | E15: 2 | F15: 2 | G15: 2 | H15: 2
A17: False Positives
B29: Customer Service Lane | D29: 1 | E29: 1
B38: Fines Department Lane | F38: 0

Sheet c8
A1: Semantic Percision | C1: =SUM(C5:C6) / (C5+ C6+ C9) * 100 -> 100 | D1: =SUM(D5:D6) / (D5+ D6+ D9) * 100 -> 100 | E1: =SUM(E5:E6) / (E5+ E6+ E9) * 100 -> 100 | F1: =SUM(F5:F6) / (F5+ F6+ F9) * 100 -> 100 | G1: =SUM(G5:G6) / (G5+ G6+ G9) * 100 -> 100 | H1: =SUM(H5:H6) / (H5+ H6+ H9) * 100 -> 100
A2: Semantic Recall | C2: =SUM(C5:C6) / SUM(C5:C7) *100 -> 100 | D2: =SUM(D5:D6) / SUM(D5:D7) *100 -> 100 | E2: =SUM(E5:E6) / SUM(E5:E7) *100 -> 100 | F2: =SUM(F5:F6) / SUM(F5:F7) *100 -> 100 | G2: =SUM(G5:G6) / SUM(G5:G7) *100 -> 100 | H2: =SUM(H5:H6) / SUM(H5:H7) *100 -> 100
A3: Percision | C3: =C5/ (C5+ C8) * 100 -> 100 | D3: =D5/ (D5+ D8) * 100 -> 100 | E3: =E5/ (E5+ E8) * 100 -> 100 | F3: =F5/ (F5+ F8) * 100 -> 100 | G3: =G5/ (G5+ G8) * 100 -> 100 | H3: =H5/ (H5+ H8) * 100 -> 100
A4: Recall | C4: =C5 / (C5+C7) *100 -> 100 | D4: =D5 / (D5+D7) *100 -> 100 | E4: =E5 / (E5+E7) *100 -> 100 | F4: =F5 / (F5+F7) *100 -> 100 | G4: =G5 / (G5+G7) *100 -> 100 | H4: =H5 / (H5+H7) *100 -> 100
A5: Semantic TP Explicit | C5: =COUNTIF(C12:C19, 2) -> 5 | D5: =COUNTIF(D12:D19, 2) -> 5 | E5: =COUNTIF(E12:E19, 2) -> 5 | F5: =COUNTIF(F12:F19, 2) -> 5 | G5: =COUNTIF(G12:G19, 2) -> 5 | H5: =COUNTIF(H12:H19, 2) -> 5
A6: Semantic TP Implicit | C6: =COUNTIF(C12:C19, 1) -> 0 | D6: =COUNTIF(D12:D19, 1) -> 0 | E6: =COUNTIF(E12:E19, 1) -> 0 | F6: =COUNTIF(F12:F19, 1) -> 0 | G6: =COUNTIF(G12:G19, 1) -> 0 | H6: =COUNTIF(H12:H19, 1) -> 0
A7: Semantic FN | C7: =COUNTIF(C12:C19, 0) -> 0 | D7: =COUNTIF(D12:D19, 0) -> 0 | E7: =COUNTIF(E12:E19, 0) -> 0 | F7: =COUNTIF(F12:F19, 0) -> 0 | G7: =COUNTIF(G12:G19, 0) -> 0 | H7: =COUNTIF(H12:H19, 0) -> 0
A8: Semantic FP Strict | C8: =COUNTIF(C21:C55,0) + COUNTIF(C21:C55,1) -> 0 | D8: =COUNTIF(D21:D55,0) + COUNTIF(D21:D55,1) -> 0 | E8: =COUNTIF(E21:E55,0) + COUNTIF(E21:E55,1) -> 0 | F8: =COUNTIF(F21:F55,0) + COUNTIF(F21:F55,1) -> 0 | G8: =COUNTIF(G21:G55,0) + COUNTIF(G21:G55,1) -> 0 | H8: =COUNTIF(H21:H55,0) + COUNTIF(H21:H55,1) -> 0
A9: Semantic FP Loose | C9: =COUNTIF(C21:C55,0) -> 0 | D9: =COUNTIF(D21:D55,0) -> 0 | E9: =COUNTIF(E21:E55,0) -> 0 | F9: =COUNTIF(F21:F55,0) -> 0 | G9: =COUNTIF(G21:G55,0) -> 0 | H9: =COUNTIF(H21:H55,0) -> 0
C11: Chatbot run 1 | D11: Chatbot run 2 | E11: Chatbot run 3 | F11: XML run 1 | G11: XML run 2 | H11: XML run 3
A12: Pools | B12: Beneficiary | C12: 2 | D12: 2 | E12: 2 | F12: 2 | G12: 2 | H12: 2
B13: Insurance Agent | C13: 2 | D13: 2 | E13: 2 | F13: 2 | G13: 2 | H13: 2
B14: Insurance Company | C14: 2 | D14: 2 | E14: 2 | F14: 2 | G14: 2 | H14: 2
A15: Lanes | B15: Clerk | C15: 2 | D15: 2 | E15: 2 | F15: 2 | G15: 2 | H15: 2
B16: Regulator | C16: 2 | D16: 2 | E16: 2 | F16: 2 | G16: 2 | H16: 2
A21: False Positives

Sheet c9
A1: Semantic Percision | C1: =SUM(C5:C6) / (C5+ C6+ C9) * 100 -> 100 | D1: =SUM(D5:D6) / (D5+ D6+ D9) * 100 -> 100 | E1: =SUM(E5:E6) / (E5+ E6+ E9) * 100 -> 100 | F1: =SUM(F5:F6) / (F5+ F6+ F9) * 100 -> 100 | G1: =SUM(G5:G6) / (G5+ G6+ G9) * 100 -> 100 | H1: =SUM(H5:H6) / (H5+ H6+ H9) * 100 -> 100
A2: Semantic Recall | C2: =SUM(C5:C6) / SUM(C5:C7) *100 -> 100 | D2: =SUM(D5:D6) / SUM(D5:D7) *100 -> 100 | E2: =SUM(E5:E6) / SUM(E5:E7) *100 -> 100 | F2: =SUM(F5:F6) / SUM(F5:F7) *100 -> 100 | G2: =SUM(G5:G6) / SUM(G5:G7) *100 -> 50 | H2: =SUM(H5:H6) / SUM(H5:H7) *100 -> 100
A3: Percision | C3: =C5/ (C5+ C8) * 100 -> 100 | D3: =D5/ (D5+ D8) * 100 -> 100 | E3: =E5/ (E5+ E8) * 100 -> 100 | F3: =F5/ (F5+ F8) * 100 -> 100 | G3: =G5/ (G5+ G8) * 100 -> 100 | H3: =H5/ (H5+ H8) * 100 -> 100
A4: Recall | C4: =C5 / (C5+C7) *100 -> 100 | D4: =D5 / (D5+D7) *100 -> 100 | E4: =E5 / (E5+E7) *100 -> 100 | F4: =F5 / (F5+F7) *100 -> 100 | G4: =G5 / (G5+G7) *100 -> 50 | H4: =H5 / (H5+H7) *100 -> 100
A5: Semantic TP Explicit | C5: =COUNTIF(C12:C27, 2) -> 4 | D5: =COUNTIF(D12:D27, 2) -> 4 | E5: =COUNTIF(E12:E27, 2) -> 4 | F5: =COUNTIF(F12:F27, 2) -> 4 | G5: =COUNTIF(G12:G27, 2) -> 2 | H5: =COUNTIF(H12:H27, 2) -> 4
A6: Semantic TP Implicit | C6: =COUNTIF(C12:C27, 1) -> 0 | D6: =COUNTIF(D12:D27, 1) -> 0 | E6: =COUNTIF(E12:E27, 1) -> 0 | F6: =COUNTIF(F12:F27, 1) -> 0 | G6: =COUNTIF(G12:G27, 1) -> 0 | H6: =COUNTIF(H12:H27, 1) -> 0
A7: Semantic FN | C7: =COUNTIF(C12:C27, 0) -> 0 | D7: =COUNTIF(D12:D27, 0) -> 0 | E7: =COUNTIF(E12:E27, 0) -> 0 | F7: =COUNTIF(F12:F27, 0) -> 0 | G7: =COUNTIF(G12:G27, 0) -> 2 | H7: =COUNTIF(H12:H27, 0) -> 0
A8: Semantic FP Strict | C8: =COUNTIF(C29:C61,0) + COUNTIF(C29:C61,1) -> 0 | D8: =COUNTIF(D29:D61,0) + COUNTIF(D29:D61,1) -> 0 | E8: =COUNTIF(E29:E61,0) + COUNTIF(E29:E61,1) -> 0 | F8: =COUNTIF(F29:F61,0) + COUNTIF(F29:F61,1) -> 0 | G8: =COUNTIF(G29:G61,0) + COUNTIF(G29:G61,1) -> 0 | H8: =COUNTIF(H29:H61,0) + COUNTIF(H29:H61,1) -> 0
A9: Semantic FP Loose | C9: =COUNTIF(C29:C61,0) -> 0 | D9: =COUNTIF(D29:D61,0) -> 0 | E9: =COUNTIF(E29:E61,0) -> 0 | F9: =COUNTIF(F29:F61,0) -> 0 | G9: =COUNTIF(G29:G61,0) -> 0 | H9: =COUNTIF(H29:H61,0) -> 0
C11: Chatbot run 1 | D11: Chatbot run 2 | E11: Chatbot run 3 | F11: XML run 1 | G11: XML run 2 | H11: XML run 3
A12: Pools | B12: Car Insurer | C12: 2 | D12: 2 | E12: 2 | F12: 2 | G12: 0 | H12: 2
B13: Customer | C13: 2 | D13: 2 | E13: 2 | F13: 2 | G13: 0 | H13: 2
A14: Lanes | B14: Notification Department | C14: 2 | D14: 2 | E14: 2 | F14: 2 | G14: 2 | H14: 2
B15: Handling Department | C15: 2 | D15: 2 | E15: 2 | F15: 2 | G15: 2 | H15: 2

Sheet c10
A1: Semantic Percision | C1: =SUM(C5:C6) / (C5+ C6+ C9) * 100 -> 100 | D1: =SUM(D5:D6) / (D5+ D6+ D9) * 100 -> 100 | E1: =SUM(E5:E6) / (E5+ E6+ E9) * 100 -> 100 | F1: =SUM(F5:F6) / (F5+ F6+ F9) * 100 -> 100 | G1: =SUM(G5:G6) / (G5+ G6+ G9) * 100 -> 100 | H1: =SUM(H5:H6) / (H5+ H6+ H9) * 100 -> 100
A2: Semantic Recall | C2: =SUM(C5:C6) / SUM(C5:C7) *100 -> 100 | D2: =SUM(D5:D6) / SUM(D5:D7) *100 -> 100 | E2: =SUM(E5:E6) / SUM(E5:E7) *100 -> 100 | F2: =SUM(F5:F6) / SUM(F5:F7) *100 -> 100 | G2: =SUM(G5:G6) / SUM(G5:G7) *100 -> 100 | H2: =SUM(H5:H6) / SUM(H5:H7) *100 -> 100
A3: Percision | C3: =C5/ (C5+ C8) * 100 -> 100 | D3: =D5/ (D5+ D8) * 100 -> 100 | E3: =E5/ (E5+ E8) * 100 -> 100 | F3: =F5/ (F5+ F8) * 100 -> 100 | G3: =G5/ (G5+ G8) * 100 -> 100 | H3: =H5/ (H5+ H8) * 100 -> 100
A4: Recall | C4: =C5 / (C5+C7) *100 -> 100 | D4: =D5 / (D5+D7) *100 -> 100 | E4: =E5 / (E5+E7) *100 -> 100 | F4: =F5 / (F5+F7) *100 -> 100 | G4: =G5 / (G5+G7) *100 -> 100 | H4: =H5 / (H5+H7) *100 -> 100
A5: Semantic TP Explicit | C5: =COUNTIF(C12:C27, 2) -> 3 | D5: =COUNTIF(D12:D27, 2) -> 3 | E5: =COUNTIF(E12:E27, 2) -> 3 | F5: =COUNTIF(F12:F27, 2) -> 3 | G5: =COUNTIF(G12:G27, 2) -> 3 | H5: =COUNTIF(H12:H27, 2) -> 3
A6: Semantic TP Implicit | C6: =COUNTIF(C12:C27, 1) -> 0 | D6: =COUNTIF(D12:D27, 1) -> 0 | E6: =COUNTIF(E12:E27, 1) -> 0 | F6: =COUNTIF(F12:F27, 1) -> 0 | G6: =COUNTIF(G12:G27, 1) -> 0 | H6: =COUNTIF(H12:H27, 1) -> 0
A7: Semantic FN | C7: =COUNTIF(C12:C27, 0) -> 0 | D7: =COUNTIF(D12:D27, 0) -> 0 | E7: =COUNTIF(E12:E27, 0) -> 0 | F7: =COUNTIF(F12:F27, 0) -> 0 | G7: =COUNTIF(G12:G27, 0) -> 0 | H7: =COUNTIF(H12:H27, 0) -> 0
A8: Semantic FP Strict | C8: =COUNTIF(C29:C61,0) + COUNTIF(C29:C61,1) -> 0 | D8: =COUNTIF(D29:D61,0) + COUNTIF(D29:D61,1) -> 0 | E8: =COUNTIF(E29:E61,0) + COUNTIF(E29:E61,1) -> 0 | F8: =COUNTIF(F29:F61,0) + COUNTIF(F29:F61,1) -> 0 | G8: =COUNTIF(G29:G61,0) + COUNTIF(G29:G61,1) -> 0 | H8: =COUNTIF(H29:H61,0) + COUNTIF(H29:H61,1) -> 0
A9: Semantic FP Loose | C9: =COUNTIF(C29:C61,0) -> 0 | D9: =COUNTIF(D29:D61,0) -> 0 | E9: =COUNTIF(E29:E61,0) -> 0 | F9: =COUNTIF(F29:F61,0) -> 0 | G9: =COUNTIF(G29:G61,0) -> 0 | H9: =COUNTIF(H29:H61,0) -> 0
C11: Chatbot run 1 | D11: Chatbot run 2 | E11: Chatbot run 3 | F11: XML run 1 | G11: XML run 2 | H11: XML run 3
A12: Pools | B12: You | C12: 2 | D12: 2 | E12: 2 | F12: 2 | G12: 2 | H12: 2
B13: Central Fridge Service Center | C13: 2 | D13: 2 | E13: 2 | F13: 2 | G13: 2 | H13: 2
B14: Service Facility | C14: 2 | D14: 2 | E14: 2 | F14: 2 | G14: 2 | H14: 2

Sheet c11
A1: Semantic Percision | C1: =SUM(C5:C6) / (C5+ C6+ C9) * 100 -> 100 | D1: =SUM(D5:D6) / (D5+ D6+ D9) * 100 -> 100 | E1: =SUM(E5:E6) / (E5+ E6+ E9) * 100 -> 100 | F1: =SUM(F5:F6) / (F5+ F6+ F9) * 100 -> 100 | G1: =SUM(G5:G6) / (G5+ G6+ G9) * 100 -> 100 | H1: =SUM(H5:H6) / (H5+ H6+ H9) * 100 -> 100
A2: Semantic Recall | C2: =SUM(C5:C6) / SUM(C5:C7) *100 -> 100 | D2: =SUM(D5:D6) / SUM(D5:D7) *100 -> 100 | E2: =SUM(E5:E6) / SUM(E5:E7) *100 -> 100 | F2: =SUM(F5:F6) / SUM(F5:F7) *100 -> 100 | G2: =SUM(G5:G6) / SUM(G5:G7) *100 -> 100 | H2: =SUM(H5:H6) / SUM(H5:H7) *100 -> 100
A3: Percision | C3: =C5/ (C5+ C8) * 100 -> 100 | D3: =D5/ (D5+ D8) * 100 -> 100 | E3: =E5/ (E5+ E8) * 100 -> 100 | F3: =F5/ (F5+ F8) * 100 -> 80 | G3: =G5/ (G5+ G8) * 100 -> 80 | H3: =H5/ (H5+ H8) * 100 -> 100
A4: Recall | C4: =C5 / (C5+C7) *100 -> 100 | D4: =D5 / (D5+D7) *100 -> 100 | E4: =E5 / (E5+E7) *100 -> 100 | F4: =F5 / (F5+F7) *100 -> 100 | G4: =G5 / (G5+G7) *100 -> 100 | H4: =H5 / (H5+H7) *100 -> 100
A5: Semantic TP Explicit | C5: =COUNTIF(C12:C27, 2) -> 4 | D5: =COUNTIF(D12:D27, 2) -> 4 | E5: =COUNTIF(E12:E27, 2) -> 4 | F5: =COUNTIF(F12:F27, 2) -> 4 | G5: =COUNTIF(G12:G27, 2) -> 4 | H5: =COUNTIF(H12:H27, 2) -> 4
A6: Semantic TP Implicit | C6: =COUNTIF(C12:C27, 1) -> 0 | D6: =COUNTIF(D12:D27, 1) -> 0 | E6: =COUNTIF(E12:E27, 1) -> 0 | F6: =COUNTIF(F12:F27, 1) -> 0 | G6: =COUNTIF(G12:G27, 1) -> 0 | H6: =COUNTIF(H12:H27, 1) -> 0
A7: Semantic FN | C7: =COUNTIF(C12:C27, 0) -> 0 | D7: =COUNTIF(D12:D27, 0) -> 0 | E7: =COUNTIF(E12:E27, 0) -> 0 | F7: =COUNTIF(F12:F27, 0) -> 0 | G7: =COUNTIF(G12:G27, 0) -> 0 | H7: =COUNTIF(H12:H27, 0) -> 0
A8: Semantic FP Strict | C8: =COUNTIF(C29:C60,0) + COUNTIF(C29:C60,1) -> 0 | D8: =COUNTIF(D29:D60,0) + COUNTIF(D29:D60,1) -> 0 | E8: =COUNTIF(E29:E60,0) + COUNTIF(E29:E60,1) -> 0 | F8: =COUNTIF(F29:F60,0) + COUNTIF(F29:F60,1) -> 1 | G8: =COUNTIF(G29:G60,0) + COUNTIF(G29:G60,1) -> 1 | H8: =COUNTIF(H29:H60,0) + COUNTIF(H29:H60,1) -> 0
A9: Semantic FP Loose | C9: =COUNTIF(C29:C60,0) -> 0 | D9: =COUNTIF(D29:D60,0) -> 0 | E9: =COUNTIF(E29:E60,0) -> 0 | F9: =COUNTIF(F29:F60,0) -> 0 | G9: =COUNTIF(G29:G60,0) -> 0 | H9: =COUNTIF(H29:H60,0) -> 0
C11: Chatbot run 1 | D11: Chatbot run 2 | E11: Chatbot run 3 | F11: XML run 1 | G11: XML run 2 | H11: XML run 3
A12: Pools | B12: Company | C12: 2 | D12: 2 | E12: 2 | F12: 2 | G12: 2 | H12: 2
A13: Lane | B13: Secretary | C13: 2 | D13: 2 | E13: 2 | F13: 2 | G13: 2 | H13: 2
B14: Logistics Department Head | C14: 2 | D14: 2 | E14: 2 | F14: 2 | G14: 2 | H14: 2
B15: Warehouseman | C15: 2 | D15: 2 | E15: 2 | F15: 2 | G15: 2 | H15: 2
B34: Logistics Company Pool | F34: 1 | G34: 1

Sheet c12
A1: Semantic Percision | C1: =SUM(C5:C6) / (C5+ C6+ C9) * 100 -> 100 | D1: =SUM(D5:D6) / (D5+ D6+ D9) * 100 -> 100 | E1: =SUM(E5:E6) / (E5+ E6+ E9) * 100 -> 100 | F1: =SUM(F5:F6) / (F5+ F6+ F9) * 100 -> 100 | G1: =IF(G5 + G6 + G9 = 0, 0, SUM(G5:G6) / (G5 + G6 + G9) * 100) -> 0 | H1: =IF(H5 + H6 + H9 = 0, 0, SUM(H5:H6) / (H5 + H6 + H9) * 100) -> 0
A2: Semantic Recall | C2: =IF(SUM(C5:C7)=0, 0, SUM(C5:C6)/SUM(C5:C7)*100) -> 100 | D2: =IF(SUM(D5:D7)=0, 0, SUM(D5:D6)/SUM(D5:D7)*100) -> 83.333333 | E2: =IF(SUM(E5:E7)=0, 0, SUM(E5:E6)/SUM(E5:E7)*100) -> 83.333333 | F2: =IF(SUM(F5:F7)=0, 0, SUM(F5:F6)/SUM(F5:F7)*100) -> 33.333333 | G2: =IF(SUM(G5:G7)=0, 0, SUM(G5:G6)/SUM(G5:G7)*100) -> 0 | H2: =IF(SUM(H5:H7)=0, 0, SUM(H5:H6)/SUM(H5:H7)*100) -> 0
A3: Percision | C3: =C5/ (C5+ C8) * 100 -> 100 | D3: =D5/ (D5+ D8) * 100 -> 100 | E3: =E5/ (E5+ E8) * 100 -> 100 | F3: =F5/ (F5+ F8) * 100 -> 100 | G3: =IF(G5 + G8 = 0, 0, G5 / (G5 + G8) * 100) -> 0 | H3: =IF(H5 + H8 = 0, 0, H5 / (H5 + H8) * 100) -> 0
A4: Recall | C4: =IF(C5 + C7 = 0, 0, C5 / (C5 + C7) * 100) -> 100 | D4: =IF(D5 + D7 = 0, 0, D5 / (D5 + D7) * 100) -> 83.333333 | E4: =IF(E5 + E7 = 0, 0, E5 / (E5 + E7) * 100) -> 83.333333 | F4: =IF(F5 + F7 = 0, 0, F5 / (F5 + F7) * 100) -> 33.333333 | G4: =IF(G5 + G7 = 0, 0, G5 / (G5 + G7) * 100) -> 0 | H4: =IF(H5 + H7 = 0, 0, H5 / (H5 + H7) * 100) -> 0
A5: Semantic TP Explicit | C5: =COUNTIF(C12:C40, 2) -> 6 | D5: =COUNTIF(D12:D40, 2) -> 5 | E5: =COUNTIF(E12:E40, 2) -> 5 | F5: =COUNTIF(F12:F40, 2) -> 2 | G5: =COUNTIF(G12:G40, 2) -> 0 | H5: =COUNTIF(H12:H40, 2) -> 0
A6: Semantic TP Implicit | C6: =COUNTIF(C12:C40, 1) -> 0 | D6: =COUNTIF(D12:D40, 1) -> 0 | E6: =COUNTIF(E12:E40, 1) -> 0 | F6: =COUNTIF(F12:F40, 1) -> 0 | G6: =COUNTIF(G12:G40, 1) -> 0 | H6: =COUNTIF(H12:H40, 1) -> 0
A7: Semantic FN | C7: =COUNTIF(C12:C40, 0) -> 0 | D7: =COUNTIF(D12:D40, 0) -> 1 | E7: =COUNTIF(E12:E40, 0) -> 1 | F7: =COUNTIF(F12:F40, 0) -> 4 | G7: =COUNTIF(G12:G40, 0) -> 6 | H7: =COUNTIF(H12:H40, 0) -> 6
A8: Semantic FP Strict | C8: =COUNTIF(C42:C74,0) + COUNTIF(C42:C74,1) -> 0 | D8: =COUNTIF(D42:D74,0) + COUNTIF(D42:D74,1) -> 0 | E8: =COUNTIF(E42:E74,0) + COUNTIF(E42:E74,1) -> 0 | F8: =COUNTIF(F42:F74,0) + COUNTIF(F42:F74,1) -> 0 | G8: =COUNTIF(G42:G74,0) + COUNTIF(G42:G74,1) -> 0 | H8: =COUNTIF(H42:H74,0) + COUNTIF(H42:H74,1) -> 0
A9: Semantic FP Loose | C9: =COUNTIF(C42:C74,0) -> 0 | D9: =COUNTIF(D42:D74,0) -> 0 | E9: =COUNTIF(E42:E74,0) -> 0 | F9: =COUNTIF(F42:F74,0) -> 0 | G9: =COUNTIF(G42:G74,0) -> 0 | H9: =COUNTIF(H42:H74,0) -> 0
C11: Chatbot run 1 | D11: Chatbot run 2 | E11: Chatbot run 3 | F11: XML run 1 | G11: XML run 2 | H11: XML run 3
A12: Pools / Lanes | B12: Student | C12: 2 | D12: 2 | E12: 2 | F12: 0 | G12: 0 | H12: 0
B13: University | C13: 2 | D13: 2 | E13: 2 | F13: 0 | G13: 0 | H13: 0
B14: Academic Committee (Pool or lane) | C14: 2 | D14: 2 | E14: 2 | F14: 2 | G14: 0 | H14: 0
B15: Officer | C15: 2 | D15: 2 | E15: 2 | F15: 2 | G15: 0 | H15: 0
B16: Committee Members | C16: 2 | D16: 2 | E16: 2 | F16: 0 | G16: 0 | H16: 0
B17: Committee Chair | C17: 2 | D17: 0 | E17: 0 | F17: 0 | G17: 0 | H17: 0

Sheet c13
A1: Semantic Percision | C1: =SUM(C5:C6) / (C5+ C6+ C9) * 100 -> 100 | D1: =SUM(D5:D6) / (D5+ D6+ D9) * 100 -> 100 | E1: =SUM(E5:E6) / (E5+ E6+ E9) * 100 -> 100 | F1: =SUM(F5:F6) / (F5+ F6+ F9) * 100 -> 60 | G1: =SUM(G5:G6) / (G5+ G6+ G9) * 100 -> 75 | H1: =SUM(H5:H6) / (H5+ H6+ H9) * 100 -> 100
A2: Semantic Recall | C2: =SUM(C5:C6) / SUM(C5:C7) *100 -> 100 | D2: =SUM(D5:D6) / SUM(D5:D7) *100 -> 100 | E2: =SUM(E5:E6) / SUM(E5:E7) *100 -> 100 | F2: =SUM(F5:F6) / SUM(F5:F7) *100 -> 100 | G2: =SUM(G5:G6) / SUM(G5:G7) *100 -> 100 | H2: =SUM(H5:H6) / SUM(H5:H7) *100 -> 100
A3: Percision | C3: =C5/ (C5+ C8) * 100 -> 60 | D3: =D5/ (D5+ D8) * 100 -> 75 | E3: =E5/ (E5+ E8) * 100 -> 42.857143 | F3: =F5/ (F5+ F8) * 100 -> 50 | G3: =G5/ (G5+ G8) * 100 -> 28.571429 | H3: =H5/ (H5+ H8) * 100 -> 42.857143
A4: Recall | C4: =C5 / (C5+C7) *100 -> 100 | D4: =D5 / (D5+D7) *100 -> 100 | E4: =E5 / (E5+E7) *100 -> 100 | F4: =F5 / (F5+F7) *100 -> 100 | G4: =G5 / (G5+G7) *100 -> 100 | H4: =H5 / (H5+H7) *100 -> 100
A5: Semantic TP Explicit | C5: =COUNTIF(C12:C28, 2) -> 3 | D5: =COUNTIF(D12:D28, 2) -> 3 | E5: =COUNTIF(E12:E28, 2) -> 3 | F5: =COUNTIF(F12:F28, 2) -> 3 | G5: =COUNTIF(G12:G28, 2) -> 2 | H5: =COUNTIF(H12:H28, 2) -> 3
A6: Semantic TP Implicit | C6: =COUNTIF(C12:C28, 1) -> 0 | D6: =COUNTIF(D12:D28, 1) -> 0 | E6: =COUNTIF(E12:E28, 1) -> 0 | F6: =COUNTIF(F12:F28, 1) -> 0 | G6: =COUNTIF(G12:G28, 1) -> 1 | H6: =COUNTIF(H12:H28, 1) -> 0
A7: Semantic FN | C7: =COUNTIF(C12:C28, 0) -> 0 | D7: =COUNTIF(D12:D28, 0) -> 0 | E7: =COUNTIF(E12:E28, 0) -> 0 | F7: =COUNTIF(F12:F28, 0) -> 0 | G7: =COUNTIF(G12:G28, 0) -> 0 | H7: =COUNTIF(H12:H28, 0) -> 0
A8: Semantic FP Strict | C8: =COUNTIF(C30:C61,0) + COUNTIF(C30:C61,1) -> 2 | D8: =COUNTIF(D30:D61,0) + COUNTIF(D30:D61,1) -> 1 | E8: =COUNTIF(E30:E61,0) + COUNTIF(E30:E61,1) -> 4 | F8: =COUNTIF(F30:F61,0) + COUNTIF(F30:F61,1) -> 3 | G8: =COUNTIF(G30:G61,0) + COUNTIF(G30:G61,1) -> 5 | H8: =COUNTIF(H30:H61,0) + COUNTIF(H30:H61,1) -> 4
A9: Semantic FP Loose | C9: =COUNTIF(C30:C61,0) -> 0 | D9: =COUNTIF(D30:D61,0) -> 0 | E9: =COUNTIF(E30:E61,0) -> 0 | F9: =COUNTIF(F30:F61,0) -> 2 | G9: =COUNTIF(G30:G61,0) -> 1 | H9: =COUNTIF(H30:H61,0) -> 0
C11: Chatbot run 1 | D11: Chatbot run 2 | E11: Chatbot run 3 | F11: XML run 1 | G11: XML run 2 | H11: XML run 3
A12: Pools / Lanes | B12: Employer | C12: 2 | D12: 2 | E12: 2 | F12: 2 | G12: 2 | H12: 2
B13: Employee | C13: 2 | D13: 2 | E13: 2 | F13: 2 | G13: 2 | H13: 2
B14: Accident Insurance Provider | C14: 2 | D14: 2 | E14: 2 | F14: 2 | G14: 1 | H14: 2
B32: School | C32: 1 | E32: 1
B40: Labour Inspectorate | D40: 1 | F40: 1 | G40: 1 | H40: 1
B41: HR/Management | F41: 0
B42: Safety Officer | F42: 0
B50: Insurance Clerk | G50: 0
B51: Student | E51: 1 | G51: 1
B52: Directorate | C52: 1 | E52: 1 | G52: 1 | H52: 1
B53: Self-Employed/Private Insured | E53: 1 | G53: 1
B54: Emergency Services | H54: 1
B55: Private Insurance | H55: 1

Sheet c14
A1: Semantic Percision | C1: =SUM(C5:C6) / (C5+ C6+ C9) * 100 -> 100 | D1: =SUM(D5:D6) / (D5+ D6+ D9) * 100 -> 100 | E1: =SUM(E5:E6) / (E5+ E6+ E9) * 100 -> 100 | F1: =SUM(F5:F6) / (F5+ F6+ F9) * 100 -> 100 | G1: =SUM(G5:G6) / (G5+ G6+ G9) * 100 -> 100 | H1: =SUM(H5:H6) / (H5+ H6+ H9) * 100 -> 100
A2: Semantic Recall | C2: =SUM(C5:C6) / SUM(C5:C7) *100 -> 100 | D2: =SUM(D5:D6) / SUM(D5:D7) *100 -> 100 | E2: =SUM(E5:E6) / SUM(E5:E7) *100 -> 100 | F2: =SUM(F5:F6) / SUM(F5:F7) *100 -> 100 | G2: =SUM(G5:G6) / SUM(G5:G7) *100 -> 100 | H2: =SUM(H5:H6) / SUM(H5:H7) *100 -> 100
A3: Percision | C3: =C5/ (C5+ C8) * 100 -> 100 | D3: =D5/ (D5+ D8) * 100 -> 100 | E3: =E5/ (E5+ E8) * 100 -> 100 | F3: =F5/ (F5+ F8) * 100 -> 66.666667 | G3: =G5/ (G5+ G8) * 100 -> 40 | H3: =H5/ (H5+ H8) * 100 -> 28.571429
A4: Recall | C4: =C5 / (C5+C7) *100 -> 100 | D4: =D5 / (D5+D7) *100 -> 100 | E4: =E5 / (E5+E7) *100 -> 100 | F4: =F5 / (F5+F7) *100 -> 100 | G4: =G5 / (G5+G7) *100 -> 100 | H4: =H5 / (H5+H7) *100 -> 100
A5: Semantic TP Explicit | C5: =COUNTIF(C12:C30, 2) -> 2 | D5: =COUNTIF(D12:D30, 2) -> 2 | E5: =COUNTIF(E12:E30, 2) -> 2 | F5: =COUNTIF(F12:F30, 2) -> 2 | G5: =COUNTIF(G12:G30, 2) -> 2 | H5: =COUNTIF(H12:H30, 2) -> 2
A6: Semantic TP Implicit | C6: =COUNTIF(C12:C30, 1) -> 0 | D6: =COUNTIF(D12:D30, 1) -> 0 | E6: =COUNTIF(E12:E30, 1) -> 0 | F6: =COUNTIF(F12:F30, 1) -> 0 | G6: =COUNTIF(G12:G30, 1) -> 0 | H6: =COUNTIF(H12:H30, 1) -> 0
A7: Semantic FN | C7: =COUNTIF(C12:C30, 0) -> 0 | D7: =COUNTIF(D12:D30, 0) -> 0 | E7: =COUNTIF(E12:E30, 0) -> 0 | F7: =COUNTIF(F12:F30, 0) -> 0 | G7: =COUNTIF(G12:G30, 0) -> 0 | H7: =COUNTIF(H12:H30, 0) -> 0
A8: Semantic FP Strict | C8: =COUNTIF(C32:C100,0) + COUNTIF(C32:C100,1) -> 0 | D8: =COUNTIF(D32:D100,0) + COUNTIF(D32:D100,1) -> 0 | E8: =COUNTIF(E32:E100,0) + COUNTIF(E32:E100,1) -> 0 | F8: =COUNTIF(F32:F100,0) + COUNTIF(F32:F100,1) -> 1 | G8: =COUNTIF(G32:G100,0) + COUNTIF(G32:G100,1) -> 3 | H8: =COUNTIF(H32:H100,0) + COUNTIF(H32:H100,1) -> 5
A9: Semantic FP Loose | C9: =COUNTIF(C32:C100,0) -> 0 | D9: =COUNTIF(D32:D100,0) -> 0 | E9: =COUNTIF(E32:E100,0) -> 0 | F9: =COUNTIF(F32:F100,0) -> 0 | G9: =COUNTIF(G32:G100,0) -> 0 | H9: =COUNTIF(H32:H100,0) -> 0
C11: Chatbot run 1 | D11: Chatbot run 2 | E11: Chatbot run 3 | F11: XML run 1 | G11: XML run 2 | H11: XML run 3
A12: Pools / Lanes | B12: Applicant | C12: 2 | D12: 2 | E12: 2 | F12: 2 | G12: 2 | H12: 2
B13: Austrian Representation Office | C13: 2 | D13: 2 | E13: 2 | F13: 2 | G13: 2 | H13: 2
B49: Consular Officer | F49: 1 | G49: 1 | H49: 1
B61: Visa Section Lane | G61: 1 | H61: 1
B62: Accommodation & Bank Lane | G62: 1 | H62: 1
B63: Visa Application Lane | H63: 1
B64: Personal Preparation Lane | H64: 1

Sheet c15
A1: Semantic Percision | C1: =SUM(C5:C6) / (C5+ C6+ C9) * 100 -> 100 | D1: =SUM(D5:D6) / (D5+ D6+ D9) * 100 -> 100 | E1: =SUM(E5:E6) / (E5+ E6+ E9) * 100 -> 100 | F1: =SUM(F5:F6) / (F5+ F6+ F9) * 100 -> 100 | G1: =SUM(G5:G6) / (G5+ G6+ G9) * 100 -> 100 | H1: =SUM(H5:H6) / (H5+ H6+ H9) * 100 -> 100
A2: Semantic Recall | C2: =SUM(C5:C6) / SUM(C5:C7) *100 -> 85.714286 | D2: =SUM(D5:D6) / SUM(D5:D7) *100 -> 85.714286 | E2: =SUM(E5:E6) / SUM(E5:E7) *100 -> 85.714286 | F2: =SUM(F5:F6) / SUM(F5:F7) *100 -> 57.142857 | G2: =SUM(G5:G6) / SUM(G5:G7) *100 -> 71.428571 | H2: =SUM(H5:H6) / SUM(H5:H7) *100 -> 71.428571
A3: Percision | C3: =C5/ (C5+ C8) * 100 -> 100 | D3: =D5/ (D5+ D8) * 100 -> 100 | E3: =E5/ (E5+ E8) * 100 -> 100 | F3: =F5/ (F5+ F8) * 100 -> 100 | G3: =G5/ (G5+ G8) * 100 -> 100 | H3: =H5/ (H5+ H8) * 100 -> 100
A4: Recall | C4: =C5 / (C5+C7) *100 -> 85.714286 | D4: =D5 / (D5+D7) *100 -> 85.714286 | E4: =E5 / (E5+E7) *100 -> 85.714286 | F4: =F5 / (F5+F7) *100 -> 57.142857 | G4: =G5 / (G5+G7) *100 -> 71.428571 | H4: =H5 / (H5+H7) *100 -> 71.428571
A5: Semantic TP Explicit | C5: =COUNTIF(C12:C25, 2) -> 6 | D5: =COUNTIF(D12:D25, 2) -> 6 | E5: =COUNTIF(E12:E25, 2) -> 6 | F5: =COUNTIF(F12:F25, 2) -> 4 | G5: =COUNTIF(G12:G25, 2) -> 5 | H5: =COUNTIF(H12:H25, 2) -> 5
A6: Semantic TP Implicit | C6: =COUNTIF(C12:C25, 1) -> 0 | D6: =COUNTIF(D12:D25, 1) -> 0 | E6: =COUNTIF(E12:E25, 1) -> 0 | F6: =COUNTIF(F12:F25, 1) -> 0 | G6: =COUNTIF(G12:G25, 1) -> 0 | H6: =COUNTIF(H12:H25, 1) -> 0
A7: Semantic FN | C7: =COUNTIF(C12:C25, 0) -> 1 | D7: =COUNTIF(D12:D25, 0) -> 1 | E7: =COUNTIF(E12:E25, 0) -> 1 | F7: =COUNTIF(F12:F25, 0) -> 3 | G7: =COUNTIF(G12:G25, 0) -> 2 | H7: =COUNTIF(H12:H25, 0) -> 2
A8: Semantic FP Strict | C8: =COUNTIF(C27:C87,0) + COUNTIF(C27:C87,1) -> 0 | D8: =COUNTIF(D27:D87,0) + COUNTIF(D27:D87,1) -> 0 | E8: =COUNTIF(E27:E87,0) + COUNTIF(E27:E87,1) -> 0 | F8: =COUNTIF(F27:F87,0) + COUNTIF(F27:F87,1) -> 0 | G8: =COUNTIF(G27:G87,0) + COUNTIF(G27:G87,1) -> 0 | H8: =COUNTIF(H27:H87,0) + COUNTIF(H27:H87,1) -> 0
A9: Semantic FP Loose | C9: =COUNTIF(C27:C87,0) -> 0 | D9: =COUNTIF(D27:D87,0) -> 0 | E9: =COUNTIF(E27:E87,0) -> 0 | F9: =COUNTIF(F27:F87,0) -> 0 | G9: =COUNTIF(G27:G87,0) -> 0 | H9: =COUNTIF(H27:H87,0) -> 0
C11: Chatbot run 1 | D11: Chatbot run 2 | E11: Chatbot run 3 | F11: XML run 1 | G11: XML run 2 | H11: XML run 3
A12: Pools / Lanes | B12: Customer | C12: 2 | D12: 2 | E12: 2 | F12: 0 | G12: 2 | H12: 2
B13: TELECO | C13: 2 | D13: 2 | E13: 2 | F13: 0 | G13: 0 | H13: 0
B14: Customer Service | C14: 2 | D14: 2 | E14: 2 | F14: 2 | G14: 2 | H14: 2
B15: electronic service | C15: 0 | D15: 0 | E15: 0 | F15: 0 | G15: 0 | H15: 0
B16: Service Management | C16: 2 | D16: 2 | E16: 2 | F16: 2 | G16: 2 | H16: 2
B17: Resource Provisioning | C17: 2 | D17: 2 | E17: 2 | F17: 2 | G17: 2 | H17: 2
B18: Billing & Collections | C18: 2 | D18: 2 | E18: 2 | F18: 2 | G18: 2 | H18: 2

Sheet c16
A1: Semantic Percision | C1: =SUM(C5:C6) / (C5+ C6+ C9) * 100 -> 83.333333 | D1: =SUM(D5:D6) / (D5+ D6+ D9) * 100 -> 100 | E1: =SUM(E5:E6) / (E5+ E6+ E9) * 100 -> 100 | F1: =SUM(F5:F6) / (F5+ F6+ F9) * 100 -> 100 | G1: =SUM(G5:G6) / (G5+ G6+ G9) * 100 -> 100 | H1: =SUM(H5:H6) / (H5+ H6+ H9) * 100 -> 100
A2: Semantic Recall | C2: =SUM(C5:C6) / SUM(C5:C7) *100 -> 83.333333 | D2: =SUM(D5:D6) / SUM(D5:D7) *100 -> 83.333333 | E2: =SUM(E5:E6) / SUM(E5:E7) *100 -> 83.333333 | F2: =SUM(F5:F6) / SUM(F5:F7) *100 -> 66.666667 | G2: =SUM(G5:G6) / SUM(G5:G7) *100 -> 66.666667 | H2: =SUM(H5:H6) / SUM(H5:H7) *100 -> 66.666667
A3: Percision | C3: =C5/ (C5+ C8) * 100 -> 62.5 | D3: =D5/ (D5+ D8) * 100 -> 71.428571 | E3: =E5/ (E5+ E8) * 100 -> 71.428571 | F3: =F5/ (F5+ F8) * 100 -> 100 | G3: =G5/ (G5+ G8) * 100 -> 100 | H3: =H5/ (H5+ H8) * 100 -> 100
A4: Recall | C4: =C5 / (C5+C7) *100 -> 83.333333 | D4: =D5 / (D5+D7) *100 -> 83.333333 | E4: =E5 / (E5+E7) *100 -> 83.333333 | F4: =F5 / (F5+F7) *100 -> 66.666667 | G4: =G5 / (G5+G7) *100 -> 66.666667 | H4: =H5 / (H5+H7) *100 -> 66.666667
A5: Semantic TP Explicit | C5: =COUNTIF(C12:C25, 2) -> 5 | D5: =COUNTIF(D12:D25, 2) -> 5 | E5: =COUNTIF(E12:E25, 2) -> 5 | F5: =COUNTIF(F12:F25, 2) -> 4 | G5: =COUNTIF(G12:G25, 2) -> 4 | H5: =COUNTIF(H12:H25, 2) -> 4
A6: Semantic TP Implicit | C6: =COUNTIF(C12:C25, 1) -> 0 | D6: =COUNTIF(D12:D25, 1) -> 0 | E6: =COUNTIF(E12:E25, 1) -> 0 | F6: =COUNTIF(F12:F25, 1) -> 0 | G6: =COUNTIF(G12:G25, 1) -> 0 | H6: =COUNTIF(H12:H25, 1) -> 0
A7: Semantic FN | C7: =COUNTIF(C12:C25, 0) -> 1 | D7: =COUNTIF(D12:D25, 0) -> 1 | E7: =COUNTIF(E12:E25, 0) -> 1 | F7: =COUNTIF(F12:F25, 0) -> 2 | G7: =COUNTIF(G12:G25, 0) -> 2 | H7: =COUNTIF(H12:H25, 0) -> 2
A8: Semantic FP Strict | C8: =COUNTIF(C27:C90,0) + COUNTIF(C27:C90,1) -> 3 | D8: =COUNTIF(D27:D90,0) + COUNTIF(D27:D90,1) -> 2 | E8: =COUNTIF(E27:E90,0) + COUNTIF(E27:E90,1) -> 2 | F8: =COUNTIF(F27:F90,0) + COUNTIF(F27:F90,1) -> 0 | G8: =COUNTIF(G27:G90,0) + COUNTIF(G27:G90,1) -> 0 | H8: =COUNTIF(H27:H90,0) + COUNTIF(H27:H90,1) -> 0
A9: Semantic FP Loose | C9: =COUNTIF(C27:C90,0) -> 1 | D9: =COUNTIF(D27:D90,0) -> 0 | E9: =COUNTIF(E27:E90,0) -> 0 | F9: =COUNTIF(F27:F90,0) -> 0 | G9: =COUNTIF(G27:G90,0) -> 0 | H9: =COUNTIF(H27:H90,0) -> 0
C11: Chatbot run 1 | D11: Chatbot run 2 | E11: Chatbot run 3 | F11: XML run 1 | G11: XML run 2 | H11: XML run 3
A12: Pools / Lanes | B12: Customer | C12: 2 | D12: 2 | E12: 2 | F12: 2 | G12: 2 | H12: 2
B13: Company | C13: 2 | D13: 2 | E13: 2 | F13: 0 | G13: 0 | H13: 0
B14: Customer Service | C14: 2 | D14: 2 | E14: 2 | F14: 2 | G14: 2 | H14: 2
B15: customer information system | C15: 0 | D15: 0 | E15: 0 | F15: 0 | G15: 0 | H15: 0
B16: Grid Operator | C16: 2 | D16: 2 | E16: 2 | F16: 2 | G16: 2 | H16: 2
B17: Old Supplier | C17: 2 | D17: 2 | E17: 2 | F17: 2 | G17: 2 | H17: 2
B27: Sales | C27: 1 | D27: 1 | E27: 1
B28: Distribution | C28: 1 | D28: 1 | E28: 1
B29: Billing | C29: 0
